0,1
Top 50 - Argentina,37i9dQZEVXbMMy2roB9myp
Top 50 - Australia,37i9dQZEVXbJPcfkRz0wJ0
Top 50 - Austria,37i9dQZEVXbKNHh6NIXu36
Top 50 - Belarus,37i9dQZEVXbIYfjSLbWr4V
Top 50 - Belgium,37i9dQZEVXbJNSeeHswcKB
Top 50 - Bolivia,37i9dQZEVXbJqfMFK4d691
Top 50 - Brazil,37i9dQZEVXbMXbN3EUUhlg
Top 50 - Bulgaria,37i9dQZEVXbNfM2w2mq1B8
Top 50 - Canada,37i9dQZEVXbKj23U1GF4IR
Top 50 - Chile,37i9dQZEVXbL0GavIqMTeb
Top 50 - Colombia,37i9dQZEVXbOa2lmxNORXQ
Top 50 - Costa Rica,37i9dQZEVXbMZAjGMynsQX
Top 50 - Czech Republic,37i9dQZEVXbIP3c3fqVrJY
Top 50 - Denmark,37i9dQZEVXbL3J0k32lWnN
Top 50 - Dominican Republic,37i9dQZEVXbKAbrMR8uuf7
Top 50 - Ecuador,37i9dQZEVXbJlM6nvL1nD1
Top 50 - Egypt,37i9dQZEVXbLn7RQmT5Xv2
Top 50 - El Salvador,37i9dQZEVXbLxoIml4MYkT
Top 50 - Estonia,37i9dQZEVXbLesry2Qw2xS
Top 50 - Finland,37i9dQZEVXbMxcczTSoGwZ
Top 50 - France,37i9dQZEVXbIPWwFssbupI
Top 50 - Germany,37i9dQZEVXbJiZcmkrIHGU
Top 50 - Greece,37i9dQZEVXbJqdarpmTJDL
Top 50 - Guatemala,37i9dQZEVXbLy5tBFyQvd4
Top 50 - Honduras,37i9dQZEVXbJp9wcIM9Eo5
Top 50 - Hong Kong,37i9dQZEVXbLwpL8TjsxOG
Top 50 - Hungary,37i9dQZEVXbNHwMxAkvmF8
Top 50 - Iceland,37i9dQZEVXbKMzVsSGQ49S
Top 50 - India,37i9dQZEVXbLZ52XmnySJg
Top 50 - Indonesia,37i9dQZEVXbObFQZ3JLcXt
Top 50 - Ireland,37i9dQZEVXbKM896FDX8L1
Top 50 - Israel,37i9dQZEVXbJ6IpvItkve3
Top 50 - Italy,37i9dQZEVXbIQnj7RRhdSX
Top 50 - Japan,37i9dQZEVXbKXQ4mDTEBXq
Top 50 - Kazakhstan,37i9dQZEVXbM472oKPNKzS
Top 50 - Latvia,37i9dQZEVXbJWuzDrTxbKS
Top 50 - Lithuania,37i9dQZEVXbMx56Rdq5lwc
Top 50 - Luxembourg,37i9dQZEVXbKGcyg6TFGx6
Top 50 - Malaysia,37i9dQZEVXbJlfUljuZExa
Top 50 - Mexico,37i9dQZEVXbO3qyFxbkOE1
Top 50 - Morocco,37i9dQZEVXbJU9eQpX8gPT
Top 50 - Netherlands,37i9dQZEVXbKCF6dqVpDkS
Top 50 - New Zealand,37i9dQZEVXbM8SIrkERIYl
Top 50 - Nicaragua,37i9dQZEVXbISk8kxnzfCq
Top 50 - Nigeria,37i9dQZEVXbKY7jLzlJ11V
Top 50 - Norway,37i9dQZEVXbJvfa0Yxg7E7
Top 50 - Pakistan,37i9dQZEVXbJkgIdfsJyTw
Top 50 - Panama,37i9dQZEVXbKypXHVwk1f0
Top 50 - Paraguay,37i9dQZEVXbNOUPGj7tW6T
Top 50 - Peru,37i9dQZEVXbJfdy5b0KP7W
Top 50 - Philippines,37i9dQZEVXbNBz9cRCSFkY
Top 50 - Poland,37i9dQZEVXbN6itCcaL3Tt
Top 50 - Portugal,37i9dQZEVXbKyJS56d1pgi
Top 50 - Romania,37i9dQZEVXbNZbJ6TZelCq
Top 50 - Saudi Arabia,37i9dQZEVXbLrQBcXqUtaC
Top 50 - Singapore,37i9dQZEVXbK4gjvS1FjPY
Top 50 - Slovakia,37i9dQZEVXbKIVTPX9a2Sb
Top 50 - South Africa,37i9dQZEVXbMH2jvi6jvjk
Top 50 - South Korea,37i9dQZEVXbNxXF4SkHj9F
Top 50 - Spain,37i9dQZEVXbNFJfN1Vw8d9
Top 50 - Sweden,37i9dQZEVXbLoATJ81JYXz
Top 50 - Switzerland,37i9dQZEVXbJiyhoAPEfMK
Top 50 - Taiwan,37i9dQZEVXbMnZEatlMSiu
Top 50 - Thailand,37i9dQZEVXbMnz8KIWsvf9
Top 50 - Turkey,37i9dQZEVXbIVYVBNw9D5K
Top 50 - UAE,37i9dQZEVXbM4UZuIrvHvA
Top 50 - Ukraine,37i9dQZEVXbKkidEfWYRuD
Top 50 - United Kingdom,37i9dQZEVXbLnolsZ8PSNw
Top 50 - Uruguay,37i9dQZEVXbMJJi3wgRbAy
Top 50 - USA,37i9dQZEVXbLRQDuF5jeBp
Top 50 - Venezuela,37i9dQZEVXbNLrliB10ZnX
Top 50 - Vietnam,37i9dQZEVXbLdGSmz6xilI
